-- phpMyAdmin SQL Dump
-- version 5.2.1
-- https://www.phpmyadmin.net/
--
-- Host: 127.0.0.1
-- Generation Time: Oct 12, 2024 at 04:26 AM
-- Server version: 10.4.32-MariaDB
-- PHP Version: 8.2.12

SET SQL_MODE = "NO_AUTO_VALUE_ON_ZERO";
START TRANSACTION;
SET time_zone = "+00:00";


/*!40101 SET @OLD_CHARACTER_SET_CLIENT=@@CHARACTER_SET_CLIENT */;
/*!40101 SET @OLD_CHARACTER_SET_RESULTS=@@CHARACTER_SET_RESULTS */;
/*!40101 SET @OLD_COLLATION_CONNECTION=@@COLLATION_CONNECTION */;
/*!40101 SET NAMES utf8mb4 */;

--
-- Database: `exam_management`
--

-- --------------------------------------------------------

--
-- Table structure for table `courses`
--

CREATE TABLE `courses` (
  `course_code` varchar(10) NOT NULL,
  `course_name` varchar(255) NOT NULL,
  `curriculum` varchar(255) NOT NULL
) ENGINE=InnoDB DEFAULT CHARSET=utf8mb4 COLLATE=utf8mb4_general_ci;

--
-- Dumping data for table `courses`
--

INSERT INTO `courses` (`course_code`, `course_name`, `curriculum`) VALUES
('011-001', 'มหาวิทยาลัยราชพฤกษ์จิตอาสา 1 (RPU Volunteer Spirits 1)', 'หลักสูตรบริหารธุรกิจบัณฑิต'),
('011-002', 'มหาวิทยาลัยราชพฤกษ์จิตอาสา 2\r\n(RPU Volunteer Spirits 2)', 'หลักสูตรบริหารธุรกิจบัณฑิต'),
('011-003', 'มหาวิทยาลัยราชพฤกษ์จิตอาสา 3\r\n(RPU Volunteer Spirits 3)', 'หลักสูตรบริหารธุรกิจบัณฑิต'),
('011-004', 'ปรัชญาของเศรษฐกิจพอเพียง (Sufficiency Economy)', 'หลักสูตรบริหารธุรกิจบัณฑิต'),
('011-005', 'ท้องถิ่นศึกษา (Local Studies)', 'หลักสูตรบริหารธุรกิจบัณฑิต'),
('011-006', 'หน้าที่พลเมืองไทย (Thai Civic Duty)', 'หลักสูตรบริหารธุรกิจบัณฑิต'),
('011-007', 'พลวัตทางสังคมไทย (Dynamics of Thai Society)', 'หลักสูตรบริหารธุรกิจบัณฑิต'),
('011-008', 'เศรษฐกิจไทย (Thai Economy)', 'หลักสูตรบริหารธุรกิจบัณฑิต'),
('011-009', 'ชีวิตกับสิ่งแวดล้อม (Life and Environment)', 'หลักสูตรบริหารธุรกิจบัณฑิต'),
('011-010', 'กฎหมายในชีวิตประจำวัน (Law in Everyday Life)', 'หลักสูตรบริหารธุรกิจบัณฑิต'),
('011-011', 'ประวัติศาสตร์ไทยร่วมสมัย (Contemporary Thai History)', 'หลักสูตรบริหารธุรกิจบัณฑิต'),
('011-012', 'การเมืองและการปกครอง (Politics and Government Systems)', 'หลักสูตรบริหารธุรกิจบัณฑิต'),
('011-013', 'ไทยศึกษา (Thai Studies)', 'หลักสูตรบริหารธุรกิจบัณฑิต'),
('012-001', 'ทักษะชีวิต (Life Skills)', 'หลักสูตรบริหารธุรกิจบัณฑิต'),
('012-002', 'สังคมต่างวัย (Different Ages Society)', 'หลักสูตรบริหารธุรกิจบัณฑิต'),
('012-003', 'ศาสตร์และศิลป์แห่งความสุข (Science and Arts for Happy Life)', 'หลักสูตรบริหารธุรกิจบัณฑิต'),
('012-004', 'การใช้ชีวิตอย่างสร้างสรรค์ (Creative Living)', 'หลักสูตรบริหารธุรกิจบัณฑิต'),
('012-005', 'เทคนิคการพัฒนาบุคลิกภาพ (Personality Development Techniques)', 'หลักสูตรบริหารธุรกิจบัณฑิต'),
('012-006', 'ปรัชญาชีวิต (Philosophy of Life)', 'หลักสูตรบริหารธุรกิจบัณฑิต'),
('012-007', 'ดนตรีไทย (Thai Classical Music)', 'หลักสูตรบริหารธุรกิจบัณฑิต'),
('012-008', 'ดนตรีสากล (Western Music)', 'หลักสูตรบริหารธุรกิจบัณฑิต'),
('013-001', 'ภาษาไทยเพื่อการสื่อสาร (Thai Language for Communication)', 'หลักสูตรบริหารธุรกิจบัณฑิต'),
('013-002', 'ภาษาไทยสำหรับชาวต่างประเทศ 1 (Thai Language for Foreigners I)', 'หลักสูตรบริหารธุรกิจบัณฑิต'),
('013-003', 'ภาษาไทยสำหรับชาวต่างประเทศ 2 (Thai Language for Foreigners II)', 'หลักสูตรบริหารธุรกิจบัณฑิต'),
('013-004', 'การอ่านและการเขียนภาษาไทยทางวิชาการสำหรับชาวต่างประเทศ (Academic Reading and Writing in Thai Language for Foreigners)', 'หลักสูตรบริหารธุรกิจบัณฑิต'),
('013-005', 'การสื่อสารข้ามวัฒนธรรม (Intercultural Communication)', 'หลักสูตรบริหารธุรกิจบัณฑิต'),
('013-006', 'วรรณกรรมกับชีวิต (Literature and Life)', 'หลักสูตรบริหารธุรกิจบัณฑิต'),
('013-007', 'สุนทรียภาพของภาษาในงานวรรณกรรม (Aesthetics of Language in Literature)', 'หลักสูตรบริหารธุรกิจบัณฑิต'),
('013-008', 'พื้นฐานการเขียนและการพูดเพื่อการศึกษาและอาชีพ (Fundamental Writing and Speaking for Academic and Career)', 'หลักสูตรบริหารธุรกิจบัณฑิต'),
('013-009', 'การฟังและการพูดภาษาอังกฤษในชีวิตประจำวัน (Listening and Speaking English in Everyday Life)', 'หลักสูตรบริหารธุรกิจบัณฑิต'),
('013-010', 'การนำเสนอภาษาอังกฤษ (English for Presentation)', 'หลักสูตรบริหารธุรกิจบัณฑิต'),
('013-011', 'การอ่านและการเขียนภาษาอังกฤษเพื่ออาชีพ (Reading and Writing for Career)', 'หลักสูตรบริหารธุรกิจบัณฑิต'),
('013-012', 'ภาษาจีน 1 (Chinese I)', 'หลักสูตรบริหารธุรกิจบัณฑิต'),
('013-013', 'ภาษาจีน 2 (Chinese II)', 'หลักสูตรบริหารธุรกิจบัณฑิต'),
('013-014', 'ภาษาจีนในชีวิตประจำวัน (Chinese in Everyday Life)', 'หลักสูตรบริหารธุรกิจบัณฑิต'),
('013-015', 'ภาษาญี่ปุ่น 1 (Japanese I)', 'หลักสูตรบริหารธุรกิจบัณฑิต'),
('013-016', 'ภาษาญี่ปุ่น 2 (Japanese II)', 'หลักสูตรบริหารธุรกิจบัณฑิต'),
('013-017', 'ภาษาญี่ปุ่นในชีวิตประจำวัน (Japanese in Everyday Life)', 'หลักสูตรบริหารธุรกิจบัณฑิต'),
('013-018', 'ภาษาเวียดนาม (Vietnamese Language)', 'หลักสูตรบริหารธุรกิจบัณฑิต'),
('013-019', 'ภาษาอินโดนีเซีย (Bahasa Indonesia Language)', 'หลักสูตรบริหารธุรกิจบัณฑิต'),
('013-020', 'ภาษาพม่า (Burmese Language)', 'หลักสูตรบริหารธุรกิจบัณฑิต'),
('013-021', 'ภาษามาลายู (Bahasa Malayu Language)', 'หลักสูตรบริหารธุรกิจบัณฑิต'),
('013-022', 'ภาษาตากาล็อก (Tagalog Language)', 'หลักสูตรบริหารธุรกิจบัณฑิต'),
('013-023', 'ภาษาเกาหลี (Korean Language)', 'หลักสูตรบริหารธุรกิจบัณฑิต'),
('013-024', 'ภาษารัสเซีย (Russian Language)', 'หลักสูตรบริหารธุรกิจบัณฑิต'),
('014-001', 'เทคโนโลยีดิจิทัล (Digital Technology)', 'หลักสูตรบริหารธุรกิจบัณฑิต'),
('014-002', 'เทคโนโลยีและนวัตกรรม (Technology and Innovation)', 'หลักสูตรบริหารธุรกิจบัณฑิต'),
('014-003', 'คณิตศาสตร์ในชีวิตประจำวัน (Mathematics in Everyday Life)', 'หลักสูตรบริหารธุรกิจบัณฑิต'),
('014-004', 'การคิดเชิงวิเคราะห์เพื่อการตัดสินใจ (Critical Thinking for Decision Making)', 'หลักสูตรบริหารธุรกิจบัณฑิต'),
('014-005', 'สิ่งแวดล้อม มลพิษ และพลังงาน (Environment, Pollution and Energy)', 'หลักสูตรบริหารธุรกิจบัณฑิต'),
('014-006', 'อาหารเพื่อสุขภาพ (Food for Health)', 'หลักสูตรบริหารธุรกิจบัณฑิต'),
('014-007', 'กีฬา (Sports)', 'หลักสูตรบริหารธุรกิจบัณฑิต'),
('014-008', 'นันทนาการเพื่อสุขภาพ (Recreation for Health)', 'หลักสูตรบริหารธุรกิจบัณฑิต'),
('014-009', 'วิทยาการคอมพิวเตอร์ (Computer Science)', 'หลักสูตรบริหารธุรกิจบัณฑิต'),
('014-010', 'สถิติเบื้องต้น (Introduction to Statistics)', 'หลักสูตรบริหารธุรกิจบัณฑิต'),
('014-011', 'มนุษย์กับวิทยาศาสตร์ชีวภาพ (Human and Biological Sciences)', 'หลักสูตรบริหารธุรกิจบัณฑิต'),
('019-001', 'เตรียมสหกิจศึกษา (Cooperative Education Preparation)', 'หลักสูตรบริหารธุรกิจบัณฑิต'),
('019-002', 'สหกิจศึกษา (Cooperative Education)', 'หลักสูตรบริหารธุรกิจบัณฑิต'),
('019-003', 'การฝึกปฏิบัติงาน (Internship)', 'หลักสูตรบริหารธุรกิจบัณฑิต'),
('100-005', 'การภาษีอากร (Taxation)', 'หลักสูตรบริหารธุรกิจบัณฑิต'),
('100-007', 'ระบบสารสนเทศเพื่อการจัดการ (Management Information Systems)', 'หลักสูตรบริหารธุรกิจบัณฑิต'),
('100-009', 'วิธีการวิจัยทางธุรกิจ (Business Research Methods)', 'หลักสูตรบริหารธุรกิจบัณฑิต'),
('100-010', 'หลักการจัดการ (Principles of Management)', 'หลักสูตรบริหารธุรกิจบัณฑิต'),
('100-012', 'การจัดการเชิงกลยุทธ์ (Strategic Management)', 'หลักสูตรบริหารธุรกิจบัณฑิต'),
('100-013', 'จริยธรรมธุรกิจ (Business Ethics)', 'หลักสูตรบริหารธุรกิจบัณฑิต'),
('100-016', 'หลักเศรษฐศาสตร์ (Principles of Economics)', 'หลักสูตรบริหารธุรกิจบัณฑิต'),
('100-017', 'กฎหมายธุรกิจ (Business Law)', 'หลักสูตรบริหารธุรกิจบัณฑิต'),
('100-018', 'ภาษาอังกฤษเพื่อการสื่อสารทางธุรกิจ (English for Business Communication)', 'หลักสูตรบริหารธุรกิจบัณฑิต'),
('100-021', 'การจัดการซัพพลายเชนและโลจิสติกส์สำหรับธุรกิจ (Supply Chain and Logistics Management for Business)', 'หลักสูตรบริหารธุรกิจบัณฑิต'),
('100-022', 'การใช้แอปพลิเคชันซอฟต์แวร์เพื่องานธุรกิจ (Use of Application Software for Business)', 'หลักสูตรบริหารธุรกิจบัณฑิต'),
('100-023', 'ธุรกิจสตาร์ทอัพ (Startup Business)', 'หลักสูตรบริหารธุรกิจบัณฑิต'),
('100-024', 'เทคโนโลยีดิจิทัลในการบริหารธุรกิจ (Digital Technology in Business Administration)', 'หลักสูตรบริหารธุรกิจบัณฑิต'),
('100-025', 'การบัญชีและการเงินสำหรับธุรกิจ (Accounting and Finance for Business)', 'หลักสูตรบริหารธุรกิจบัณฑิต'),
('100-026', 'ภาษาจีนเพื่อการสื่อสารทางธุรกิจ (Chinese for Business Communication)', 'หลักสูตรบริหารธุรกิจบัณฑิต'),
('100-027', 'การตลาดดิจิทัล (Digital Marketing)', 'หลักสูตรบริหารธุรกิจบัณฑิต'),
('121-002', 'การเขียนโปรแกรมเบื้องต้น (Introduction to Programming)', 'หลักสูตรบริหารธุรกิจบัณฑิต'),
('121-003', 'โครงสร้างข้อมูล (Data Structures)', 'หลักสูตรบริหารธุรกิจบัณฑิต'),
('121-004', 'ระบบการจัดการฐานข้อมูล (Database Management Systems)', 'หลักสูตรบริหารธุรกิจบัณฑิต'),
('121-005', 'การเขียนโปรแกรมเชิงวัตถุ (Object-Oriented Programming)', 'หลักสูตรบริหารธุรกิจบัณฑิต'),
('121-006', 'การวิเคราะห์และออกแบบระบบ (System Analysis and Design)', 'หลักสูตรบริหารธุรกิจบัณฑิต'),
('121-007', 'การสื่อสารข้อมูลและเครือข่ายคอมพิวเตอร์ (Data Communication and Computer Network)', 'หลักสูตรบริหารธุรกิจบัณฑิต'),
('121-009', 'การเขียนโปรแกรมบนเว็บ (Web Programming)', 'หลักสูตรบริหารธุรกิจบัณฑิต'),
('121-011', 'ระบบสารสนเทศทางธุรกิจ (Business Information Systems)', 'หลักสูตรบริหารธุรกิจบัณฑิต'),
('121-012', 'ความมั่นคงของระบบสารสนเทศ (Information System Security)', 'หลักสูตรบริหารธุรกิจบัณฑิต'),
('121-015', 'ระบบคอมพิวเตอร์และระบบปฏิบัติการ (Computer System and Operating Systems)', 'หลักสูตรบริหารธุรกิจบัณฑิต'),
('121-016', 'ปัญญาประดิษฐ์เพื่องานธุรกิจ (Artificial Intelligence for Business)', 'หลักสูตรบริหารธุรกิจบัณฑิต'),
('121-017', 'โครงงานระบบสารสนเทศทางธุรกิจ (Business Information System Project)', 'หลักสูตรบริหารธุรกิจบัณฑิต'),
('122-005', 'การออกแบบและพัฒนาซอฟต์แวร์ (Software Design and Development)', 'หลักสูตรบริหารธุรกิจบัณฑิต'),
('122-006', 'การเขียนโปรแกรมแบบวิชวล (Visual Programming)', 'หลักสูตรบริหารธุรกิจบัณฑิต'),
('122-010', 'เทคโนโลยีมัลติมีเดีย (Multimedia Technology)', 'หลักสูตรบริหารธุรกิจบัณฑิต'),
('122-012', 'การพัฒนาพาณิชย์อิเล็กทรอนิกส์ (Electronic Commerce Development)', 'หลักสูตรบริหารธุรกิจบัณฑิต'),
('122-015', 'การพัฒนาแอปพลิเคชันแบบเคลื่อนที่ (Mobile Application Development)', 'หลักสูตรบริหารธุรกิจบัณฑิต'),
('122-016', 'คลังข้อมูลและข้อมูลขนาดใหญ่ (Data Warehouse and Big Data)', 'หลักสูตรบริหารธุรกิจบัณฑิต'),
('122-017', 'วิทยาการข้อมูลเบื้องต้นด้วยภาษาไพธอน (Basic Data Science with Python)', 'หลักสูตรบริหารธุรกิจบัณฑิต'),
('122-018', 'สัมมนาระบบสารสนเทศทางธุรกิจ (Business Information Systems Seminar)', 'หลักสูตรบริหารธุรกิจบัณฑิต'),
('122-020', 'คอมพิวเตอร์กราฟิก (Computer Graphics)', 'หลักสูตรบริหารธุรกิจบัณฑิต'),
('122-021', 'การสร้างภาพเคลื่อนไหว 2 มิติ (2D Animation Production)', 'หลักสูตรบริหารธุรกิจบัณฑิต'),
('122-022', 'การสร้างภาพเคลื่อนไหว 3 มิติ (3D Animation Production)', 'หลักสูตรบริหารธุรกิจบัณฑิต'),
('122-023', 'การออกแบบและตัดต่อสื่อวิดีทัศน์ (Video Production and Design)', 'หลักสูตรบริหารธุรกิจบัณฑิต'),
('122-024', 'ดิจิทัลคอนเทนต์ (Digital Content)', 'หลักสูตรบริหารธุรกิจบัณฑิต'),
('122-025', 'แนวโน้มและประเด็นปัจจุบันทางเทคโนโลยีมัลติมีเดีย (Trends and Current Issues in Multimedia Technology)', 'หลักสูตรบริหารธุรกิจบัณฑิต'),
('122-026', 'การออกแบบปฏิสัมพันธ์ระหว่างมนุษย์และคอมพิวเตอร์ (Human and Computer Interface Design)', 'หลักสูตรบริหารธุรกิจบัณฑิต');

-- --------------------------------------------------------

--
-- Table structure for table `datalogin`
--

CREATE TABLE `datalogin` (
  `id` int(11) NOT NULL,
  `username` varchar(50) NOT NULL,
  `password` varchar(255) NOT NULL,
  `full_name` varchar(100) NOT NULL,
  `gender` enum('ชาย','หญิง','อื่นๆ') NOT NULL,
  `department` varchar(100) NOT NULL,
  `position` varchar(100) NOT NULL,
  `role` enum('admin','teacher','academic') NOT NULL,
  `email` varchar(100) DEFAULT NULL,
  `phone` varchar(20) DEFAULT NULL,
  `failed_attempts` int(11) DEFAULT 0,
  `is_locked` tinyint(1) DEFAULT 0
) ENGINE=InnoDB DEFAULT CHARSET=utf8mb4 COLLATE=utf8mb4_general_ci;

--
-- Dumping data for table `datalogin`
--

INSERT INTO `datalogin` (`id`, `username`, `password`, `full_name`, `gender`, `department`, `position`, `role`, `email`, `phone`, `failed_attempts`, `is_locked`) VALUES
(1238, 'TC01', '$2y$10$DaLO8UA5bZyYZ/wa4wlJK.EkSXP/lvdulaGz1Obm32bjnQONeg2EG', 'เทสอาจารย์ 1', 'ชาย', '2', 'exp', 'teacher', '1@gmail.com', '0999999999', 0, 0),
(1239, 'TC02', '$2y$10$/.hIzY3WM8FrecjTN/H0lOZT9idg36aIgv5sL9vY.m7N4./KTtr56', 'เทสอาจารย์ 2', 'หญิง', '3', 'exp', 'teacher', '2@gmail.com', '0999999999', 0, 0),
(1240, 'admin', '$2y$10$o.ZvSF5KgPGegz68kLY//uYl836D5zhDm1zWdMbIrPFfCoV1zvCT.', 'แอดมิน 1', 'ชาย', '1', 'exp', 'admin', 'admin@gmail.com', '0999999999', 0, 0),
(1241, 'Academic', '$2y$10$4EvRCP9CLcTqDCnMKy9tYulLhQjbvhiOWTQ7scwwIvj26uEdbRlmG', 'ฝ่ายวิชาการ 1', 'ชาย', '6', 'exp', 'academic', 'Academic@gmail.com', '0999999999', 0, 0);

-- --------------------------------------------------------

--
-- Table structure for table `exam_requests`
--

CREATE TABLE `exam_requests` (
  `id` int(11) NOT NULL,
  `semester` varchar(20) NOT NULL,
  `course_code` varchar(20) NOT NULL,
  `course_name` varchar(100) NOT NULL,
  `curriculum` varchar(100) NOT NULL,
  `major` varchar(100) NOT NULL,
  `manuscript` varchar(50) NOT NULL,
  `numberofsets` text NOT NULL,
  `exam_date` varchar(50) NOT NULL,
  `startexam_time` time NOT NULL,
  `endexam_time` time NOT NULL,
  `totalexam_time` varchar(50) NOT NULL,
  `exam_methods` text NOT NULL,
  `allowed_equipment` text DEFAULT NULL,
  `additional_details` text DEFAULT NULL,
  `created_at` timestamp NOT NULL DEFAULT current_timestamp(),
  `status_doc` varchar(50) NOT NULL DEFAULT 'รออนุมัติ',
  `reject_date` datetime DEFAULT NULL,
  `reject_reason` varchar(255) DEFAULT NULL,
  `approved_date` datetime DEFAULT NULL,
  `examiner_name` varchar(100) DEFAULT NULL,
  `examiner_id` varchar(50) DEFAULT NULL,
  `file_name` varchar(255) DEFAULT NULL,
  `file_path` varchar(255) DEFAULT NULL,
  `other_form` varchar(255) DEFAULT NULL,
  `other_form_count` int(11) DEFAULT NULL,
  `other_form_file` varchar(255) DEFAULT NULL
) ENGINE=InnoDB DEFAULT CHARSET=utf8mb4 COLLATE=utf8mb4_general_ci;

--
-- Dumping data for table `exam_requests`
--

INSERT INTO `exam_requests` (`id`, `semester`, `course_code`, `course_name`, `curriculum`, `major`, `manuscript`, `numberofsets`, `exam_date`, `startexam_time`, `endexam_time`, `totalexam_time`, `exam_methods`, `allowed_equipment`, `additional_details`, `created_at`, `status_doc`, `reject_date`, `reject_reason`, `approved_date`, `examiner_name`, `examiner_id`, `file_name`, `file_path`, `other_form`, `other_form_count`, `other_form_file`) VALUES
(31, '2/2568', '011-005', 'ท้องถิ่นศึกษา (Local Studies)', 'หลักสูตรบริหารธุรกิจบัณฑิต', 'สาขาวิชาการจัดการ', '3', '12 ชุด', '24/10/2024', '15:10:00', '18:35:00', '3 ชั่วโมง 25 นาที', 'ตอบคำถามในข้อสอบ: 1/กระดาษคำตอบปรนัย: 1/แบบฟอร์มอื่นๆ', 'เปิดตำรา: 30 นาที', 'เทส', '2024-10-11 11:13:38', 'อนุมัติแล้ว', NULL, NULL, '2024-10-12 05:25:37', 'เทสอาจารย์ 1, เทสอาจารย์ 2', NULL, '31_ทดสอบไฟล์ข้อสอบ.pdf', 'uploads/31_ทดสอบไฟล์ข้อสอบ.pdf', 'เทสแบบฟอร์มอื่น 5', 1, 'other_forms/31_other_Test ข้อสอบอื่นๆ.pdf'),
(32, '2/2568', '011-012', 'การเมืองและการปกครอง (Politics and Government Systems)', 'หลักสูตรบริหารธุรกิจบัณฑิต', 'สาขาวิชาการตลาดดิจิทัล', '2', '30 ชุด', '22/10/2024', '11:00:00', '12:00:00', '1 ชั่วโมง 0 นาที', 'สมุดเขียนตอบ: 1/กระดาษคำตอบปรนัย: 1', 'นำเอกสารเข้าห้องสอบ: โพย/เครื่องคำนวณ', 'เทสการเข้าถึง', '2024-10-11 11:14:53', 'อนุมัติแล้ว', NULL, NULL, '2024-10-12 05:25:41', 'เทสอาจารย์ 1', NULL, '32_ทดสอบไฟล์ข้อสอบ.pdf', 'uploads/32_ทดสอบไฟล์ข้อสอบ.pdf', '', 0, ''),
(33, '2/2568', '012-002', 'สังคมต่างวัย (Different Ages Society)', 'หลักสูตรบริหารธุรกิจบัณฑิต', 'สาขาวิชาเทคโนโลยีดิจิทัล', '2', '20 ชุด', '30/10/2024', '15:00:00', '17:30:00', '2 ชั่วโมง 30 นาที', 'ตอบคำถามในข้อสอบ: 1/กระดาษคำตอบปรนัย: 1', 'เครื่องคำนวณ/อุปกรณ์อื่นๆ: ปากกา', 'เทสการเข้าถึง', '2024-10-11 11:16:04', 'รออนุมัติ', NULL, NULL, NULL, 'เทสอาจารย์ 2', NULL, '33_ทดสอบไฟล์ข้อสอบ.pdf', 'uploads/33_ทดสอบไฟล์ข้อสอบ.pdf', '', 0, ''),
(34, '1/2567', '011-010', 'กฎหมายในชีวิตประจำวัน (Law in Everyday Life)', 'หลักสูตรบริหารธุรกิจบัณฑิต', 'สาขาวิชาบัญชี', '2', '8', '16/10/2024', '21:20:00', '22:45:00', '1 ชั่วโมง 25 นาที', 'ตอบคำถามในข้อสอบ: 1', 'เครื่องคำนวณ', 'ไม่ระบุรายละเอียดอื่นๆเพิ่มเติม', '2024-10-11 15:18:33', 'อนุมัติแล้ว', NULL, NULL, '2024-10-12 05:29:05', 'เทสอาจารย์ 1', NULL, '34_ทดสอบไฟล์ข้อสอบ.pdf', 'uploads/34_ทดสอบไฟล์ข้อสอบ.pdf', '', 0, ''),
(35, '2/2568', '122-022', 'การสร้างภาพเคลื่อนไหว 3 มิติ (3D Animation Production)', 'หลักสูตรบริหารธุรกิจบัณฑิต', 'สาขาวิชาเทคโนโลยีดิจิทัล', '4', '8 ชุด', '16/10/2024', '22:30:00', '22:50:00', '0 ชั่วโมง 20 นาที', 'ตอบคำถามในข้อสอบ: 1', 'เครื่องคำนวณ', 'ไม่ระบุรายละเอียดอื่นๆเพิ่มเติม', '2024-10-11 15:21:29', 'รออนุมัติ', NULL, NULL, NULL, 'เทสอาจารย์ 1, เทสอาจารย์ 2', 'TC01, TC02', '35_ทดสอบไฟล์ข้อสอบ.pdf', 'uploads/35_ทดสอบไฟล์ข้อสอบ.pdf', '', 0, ''),
(36, '1/2568', '121-017', 'โครงงานระบบสารสนเทศทางธุรกิจ (Business Information System Project)', 'หลักสูตรบริหารธุรกิจบัณฑิต', 'สาขาวิชาการตลาดดิจิทัล', '2', '10 ชุด', '17/10/2024', '20:00:00', '22:35:00', '2 ชั่วโมง 35 นาที', 'สมุดเขียนตอบ: 1', 'เครื่องคำนวณ', 'ไม่ระบุรายละเอียดอื่นๆเพิ่มเติม', '2024-10-11 15:34:30', 'รออนุมัติ', NULL, NULL, NULL, 'เทสอาจารย์ 1', 'TC01', '36_ทดสอบไฟล์ข้อสอบ.pdf', 'uploads/36_ทดสอบไฟล์ข้อสอบ.pdf', '', 0, ''),
(37, '2/2567', '011-008', 'เศรษฐกิจไทย (Thai Economy)', 'หลักสูตรบริหารธุรกิจบัณฑิต', 'สาขาวิชาเทคโนโลยีดิจิทัลเพื่อธุรกิจ', '3', '51 ชุด', '07/10/2024', '07:00:00', '09:30:00', '2 ชั่วโมง 30 นาที', 'กระดาษคำตอบปรนัย: 1', 'เปิดตำรา: google/เครื่องคำนวณ', 'ไม่ระบุรายละเอียดอื่นๆเพิ่มเติม', '2024-10-11 19:34:30', 'รออนุมัติ', NULL, NULL, NULL, 'เทสอาจารย์ 2, เทสอาจารย์ 1', 'TC02, TC01', '37_Test ข้อสอบอื่นๆ.pdf', 'uploads/37_Test ข้อสอบอื่นๆ.pdf', '', 0, ''),
(38, '2/2567', '011-003', 'มหาวิทยาลัยราชพฤกษ์จิตอาสา 3(RPU Volunteer Spirits 3)', 'หลักสูตรบริหารธุรกิจบัณฑิต', 'สาขาวิชาการจัดการ', '2', '8 ชุด', '13/10/2024', '09:00:00', '12:00:00', '3 ชั่วโมง 0 นาที', 'กระดาษคำตอบปรนัย: 2', 'เครื่องคำนวณ', 'ไม่ระบุรายละเอียดอื่นๆเพิ่มเติม', '2024-10-11 19:39:32', 'อนุมัติแล้ว', NULL, NULL, '2024-10-12 05:31:02', 'เทสอาจารย์ 1', 'TC01', '38_ทดสอบไฟล์ข้อสอบ.pdf', 'uploads/38_ทดสอบไฟล์ข้อสอบ.pdf', '', 0, ''),
(39, '2/2567', '011-001', 'มหาวิทยาลัยราชพฤกษ์จิตอาสา 1 (RPU Volunteer Spirits 1)', 'หลักสูตรบริหารธุรกิจบัณฑิต', 'สาขาวิชาเทคโนโลยีดิจิทัลเพื่อธุรกิจ', '3', '40 ชุด', '19/10/2024', '13:00:00', '16:00:00', '3 ชั่วโมง 0 นาที', 'สมุดเขียนตอบ: 5', 'เปิดตำรา: 20 นาที', 'ไม่ระบุรายละเอียดอื่นๆเพิ่มเติม', '2024-10-11 19:43:22', 'รออนุมัติ', NULL, NULL, NULL, 'เทสอาจารย์ 2, เทสอาจารย์ 1', 'TC02, TC01', '39_Test ข้อสอบอื่นๆ.pdf', 'uploads/39_Test ข้อสอบอื่นๆ.pdf', '', 0, ''),
(40, '2/2567', '011-008', 'เศรษฐกิจไทย (Thai Economy)', 'หลักสูตรบริหารธุรกิจบัณฑิต', 'สาขาวิชาการตลาดดิจิทัล', '4', '30 ชุด', '26/10/2024', '18:00:00', '21:00:00', '3 ชั่วโมง 0 นาที', 'ตอบคำถามในข้อสอบ: 5', 'เครื่องคำนวณ', 'ไม่ระบุรายละเอียดอื่นๆเพิ่มเติม', '2024-10-11 19:45:55', 'อนุมัติแล้ว', NULL, NULL, '2024-10-12 05:31:06', 'เทสอาจารย์ 1', 'TC01', '40_ทดสอบไฟล์ข้อสอบ.pdf', 'uploads/40_ทดสอบไฟล์ข้อสอบ.pdf', '', 0, ''),
(41, '2/2567', '014-006', 'อาหารเพื่อสุขภาพ (Food for Health)', 'หลักสูตรบริหารธุรกิจบัณฑิต', 'สาขาวิชาการตลาดดิจิทัล', '3', '20 ชุด', '20/10/2024', '09:00:00', '12:00:00', '3 ชั่วโมง 0 นาที', 'สมุดเขียนตอบ: 10', 'เปิดตำรา: 30 นาที', 'ไม่ระบุรายละเอียดอื่นๆเพิ่มเติม', '2024-10-11 19:49:06', 'อนุมัติแล้ว', NULL, NULL, '2024-10-12 05:31:10', 'เทสอาจารย์ 2, เทสอาจารย์ 1', 'TC02, TC01', '41_Test ข้อสอบอื่นๆ.pdf', 'uploads/41_Test ข้อสอบอื่นๆ.pdf', '', 0, ''),
(42, '1/2568', '011-005', 'ท้องถิ่นศึกษา (Local Studies)', 'หลักสูตรบริหารธุรกิจบัณฑิต', 'สาขาวิชาการจัดการ', '2', '45 ชุด', '27/10/2024', '18:00:00', '21:00:00', '3 ชั่วโมง 0 นาที', 'กระดาษคำตอบปรนัย: 4', 'เครื่องคำนวณ', 'ไม่ระบุรายละเอียดอื่นๆเพิ่มเติม', '2024-10-11 19:51:27', 'อนุมัติแล้ว', NULL, NULL, '2024-10-12 05:31:14', 'เทสอาจารย์ 1', 'TC01', '42_ทดสอบไฟล์ข้อสอบ.pdf', 'uploads/42_ทดสอบไฟล์ข้อสอบ.pdf', '', 0, ''),
(43, '2/2567', '100-016', 'หลักเศรษฐศาสตร์ (Principles of Economics)', 'หลักสูตรบริหารธุรกิจบัณฑิต', 'สาขาวิชาบัญชี', '4', '60 ชุด', '28/10/2024', '13:00:00', '16:00:00', '3 ชั่วโมง 0 นาที', 'กระดาษคำตอบปรนัย: 1', 'นำเอกสารเข้าห้องสอบ: โพย', 'ไม่ระบุรายละเอียดอื่นๆเพิ่มเติม', '2024-10-11 19:53:23', 'รออนุมัติ', NULL, NULL, NULL, 'เทสอาจารย์ 1, เทสอาจารย์ 2', 'TC01, TC02', '43_Test ข้อสอบอื่นๆ.pdf', 'uploads/43_Test ข้อสอบอื่นๆ.pdf', '', 0, ''),
(44, '2/2567', '011-004', 'ปรัชญาของเศรษฐกิจพอเพียง (Sufficiency Economy)', 'หลักสูตรบริหารธุรกิจบัณฑิต', 'สาขาวิชาการตลาดดิจิทัล', '3', '8 ชุด', '29/10/2024', '09:00:00', '12:00:00', '3 ชั่วโมง 0 นาที', 'กระดาษคำตอบปรนัย: 3', 'เปิดตำรา: 30 นาที/เครื่องคำนวณ', 'ไม่ระบุรายละเอียดอื่นๆเพิ่มเติม', '2024-10-11 19:54:59', 'รออนุมัติ', NULL, NULL, NULL, 'เทสอาจารย์ 1', 'TC01', '44_ทดสอบไฟล์ข้อสอบ.pdf', 'uploads/44_ทดสอบไฟล์ข้อสอบ.pdf', '', 0, ''),
(45, '2/2568', '011-013', 'ไทยศึกษา (Thai Studies)', 'หลักสูตรบริหารธุรกิจบัณฑิต', 'สาขาวิชาเทคโนโลยีดิจิทัล', '2', '2 ชุด', '30/10/2024', '13:00:00', '16:00:00', '3 ชั่วโมง 0 นาที', 'ตอบคำถามในข้อสอบ: 1', 'นำเอกสารเข้าห้องสอบ: โพย', 'ไม่ระบุรายละเอียดอื่นๆเพิ่มเติม', '2024-10-11 19:57:19', 'รออนุมัติ', NULL, NULL, NULL, 'เทสอาจารย์ 1', 'TC01', '45_Test ข้อสอบอื่นๆ.pdf', 'uploads/45_Test ข้อสอบอื่นๆ.pdf', '', 0, ''),
(46, '2/2568', '122-026', 'การออกแบบปฏิสัมพันธ์ระหว่างมนุษย์และคอมพิวเตอร์ (Human and Computer Interface Design)', 'หลักสูตรบริหารธุรกิจบัณฑิต', 'สาขาวิชาเทคโนโลยีดิจิทัลเพื่อธุรกิจ', '4', '8 ชุด', '30/10/2024', '18:00:00', '21:00:00', '3 ชั่วโมง 0 นาที', 'สมุดเขียนตอบ: 3', 'เปิดตำรา: 30 นาที', 'ไม่ระบุรายละเอียดอื่นๆเพิ่มเติม', '2024-10-11 19:59:01', 'อนุมัติแล้ว', NULL, NULL, '2024-10-12 05:31:19', 'เทสอาจารย์ 1, เทสอาจารย์ 2', 'TC01, TC02', '46_ทดสอบไฟล์ข้อสอบ.pdf', 'uploads/46_ทดสอบไฟล์ข้อสอบ.pdf', '', 0, ''),
(47, '2/2567', '122-020', 'คอมพิวเตอร์กราฟิก (Computer Graphics)', 'หลักสูตรบริหารธุรกิจบัณฑิต', 'สาขาวิชาเทคโนโลยีดิจิทัล', '1', '8 ชุด', '31/10/2024', '18:00:00', '21:00:00', '3 ชั่วโมง 0 นาที', 'กระดาษคำตอบปรนัย: 1', 'เครื่องคำนวณ', 'ไม่ระบุรายละเอียดอื่นๆเพิ่มเติม', '2024-10-11 20:01:39', 'อนุมัติแล้ว', NULL, NULL, '2024-10-12 05:30:09', 'เทสอาจารย์ 1', 'TC01', '47_ทดสอบไฟล์ข้อสอบ.pdf', 'uploads/47_ทดสอบไฟล์ข้อสอบ.pdf', '', 0, ''),
(48, '1/2568', '121-012', 'ความมั่นคงของระบบสารสนเทศ (Information System Security)', 'หลักสูตรบริหารธุรกิจบัณฑิต', 'สาขาวิชาการตลาดดิจิทัล', '3', '20 ชุด', '27/10/2024', '09:00:00', '12:00:00', '3 ชั่วโมง 0 นาที', 'สมุดเขียนตอบ: 2', 'นำเอกสารเข้าห้องสอบ: โพย', 'ไม่ระบุรายละเอียดอื่นๆเพิ่มเติม', '2024-10-11 20:03:28', 'อนุมัติแล้ว', NULL, NULL, '2024-10-12 05:31:23', 'เทสอาจารย์ 1, เทสอาจารย์ 2', 'TC01, TC02', '48_Test ข้อสอบอื่นๆ.pdf', 'uploads/48_Test ข้อสอบอื่นๆ.pdf', '', 0, ''),
(49, '2/2567', '014-003', 'คณิตศาสตร์ในชีวิตประจำวัน (Mathematics in Everyday Life)', 'หลักสูตรบริหารธุรกิจบัณฑิต', 'สาขาวิชาบัญชี', '3', '30 ชุด', '28/10/2024', '13:00:00', '16:00:00', '3 ชั่วโมง 0 นาที', 'ตอบคำถามในข้อสอบ: 3', 'เปิดตำรา: 20 นาที', 'ไม่ระบุรายละเอียดอื่นๆเพิ่มเติม', '2024-10-11 20:04:46', 'อนุมัติแล้ว', NULL, NULL, '2024-10-12 05:26:03', 'เทสอาจารย์ 1', 'TC01', '49_Test ข้อสอบอื่นๆ.pdf', 'uploads/49_Test ข้อสอบอื่นๆ.pdf', '', 0, ''),
(50, '1/2567', '011-009', 'ชีวิตกับสิ่งแวดล้อม (Life and Environment)', 'หลักสูตรบริหารธุรกิจบัณฑิต', 'สาขาวิชาการจัดการ', '4', '8', '29/10/2024', '18:00:00', '21:00:00', '3 ชั่วโมง 0 นาที', 'สมุดเขียนตอบ: 3', 'เปิดตำรา: 30 นาที', 'ไม่ระบุรายละเอียดอื่นๆเพิ่มเติม', '2024-10-11 20:05:57', 'อนุมัติแล้ว', NULL, NULL, '2024-10-12 05:25:12', 'เทสอาจารย์ 1,เทสอาจารย์ 2', 'TC01, TC02', '50_ทดสอบไฟล์ข้อสอบ.pdf', 'uploads/50_ทดสอบไฟล์ข้อสอบ.pdf', '', 0, ''),
(51, '2/2567', '100-021', 'การจัดการซัพพลายเชนและโลจิสติกส์สำหรับธุรกิจ (Supply Chain and Logistics Management for Business)', 'หลักสูตรบริหารธุรกิจบัณฑิต', 'สาขาวิชาการตลาดดิจิทัล', '3', '8 ชุด', '30/10/2024', '09:00:00', '12:00:00', '3 ชั่วโมง 0 นาที', 'ตอบคำถามในข้อสอบ: 1', 'นำเอกสารเข้าห้องสอบ: โพย', 'ไม่ระบุรายละเอียดอื่นๆเพิ่มเติม', '2024-10-11 20:07:01', 'อนุมัติแล้ว', NULL, NULL, '2024-10-12 05:25:45', 'เทสอาจารย์ 1', 'TC01', '51_Test ข้อสอบอื่นๆ.pdf', 'uploads/51_Test ข้อสอบอื่นๆ.pdf', '', 0, ''),
(52, '2/2568', '100-024', 'เทคโนโลยีดิจิทัลในการบริหารธุรกิจ (Digital Technology in Business Administration)', 'หลักสูตรบริหารธุรกิจบัณฑิต', 'สาขาวิชาเทคโนโลยีดิจิทัลเพื่อธุรกิจ', '4', '8', '31/10/2024', '13:00:00', '16:00:00', '3 ชั่วโมง 0 นาที', 'สมุดเขียนตอบ: 5', 'เปิดตำรา: 30 นาที', 'ไม่ระบุรายละเอียดอื่นๆเพิ่มเติม', '2024-10-11 20:08:13', 'รออนุมัติ', NULL, NULL, NULL, 'เทสอาจารย์ 1', 'TC01', '52_ทดสอบไฟล์ข้อสอบ.pdf', 'uploads/52_ทดสอบไฟล์ข้อสอบ.pdf', '', 0, '');

--
-- Indexes for dumped tables
--

--
-- Indexes for table `courses`
--
ALTER TABLE `courses`
  ADD PRIMARY KEY (`course_code`);

--
-- Indexes for table `datalogin`
--
ALTER TABLE `datalogin`
  ADD PRIMARY KEY (`id`),
  ADD UNIQUE KEY `username` (`username`);

--
-- Indexes for table `exam_requests`
--
ALTER TABLE `exam_requests`
  ADD PRIMARY KEY (`id`);

--
-- AUTO_INCREMENT for dumped tables
--

--
-- AUTO_INCREMENT for table `datalogin`
--
ALTER TABLE `datalogin`
  MODIFY `id` int(11) NOT NULL AUTO_INCREMENT, AUTO_INCREMENT=1242;

--
-- AUTO_INCREMENT for table `exam_requests`
--
ALTER TABLE `exam_requests`
  MODIFY `id` int(11) NOT NULL AUTO_INCREMENT, AUTO_INCREMENT=53;
COMMIT;

/*!40101 SET CHARACTER_SET_CLIENT=@OLD_CHARACTER_SET_CLIENT */;
/*!40101 SET CHARACTER_SET_RESULTS=@OLD_CHARACTER_SET_RESULTS */;
/*!40101 SET COLLATION_CONNECTION=@OLD_COLLATION_CONNECTION */;
